{
	"info": {
		"_postman_id": "290159b0-822e-4b33-b3a5-9a5fed4cf96c",
		"name": "Label A",
		"description": "# Introduction\n\nAPIs to Label A",
		"schema": "https://schema.getpostman.com/json/collection/v2.1.0/collection.json",
		"_exporter_id": "7688693",
		"_collection_link": "https://grey-robot-215778.postman.co/workspace/5b5a6a31-6f21-4ce2-ae66-7772c55c841d/collection/7688693-290159b0-822e-4b33-b3a5-9a5fed4cf96c?action=share&source=collection_link&creator=7688693"
	},
	"item": [
		{
			"name": "http://localhost:8000/product/",
			"request": {
				"method": "POST",
				"header": [
					{
						"warning": "This is a duplicate header and will be overridden by the Content-Type header generated by Postman.",
						"key": "Content-Type",
						"value": "application/json",
						"type": "text"
					}
				],
				"body": {
					"mode": "raw",
					"raw": "{\r\n        \"name\": \"Viper\",\r\n        \"price\": \"300.00\"\r\n}"
				},
				"url": {
					"raw": "http://localhost:8000/product/",
					"protocol": "http",
					"host": [
						"localhost"
					],
					"port": "8000",
					"path": [
						"product",
						""
					]
				},
				"description": "This API is used to create products using a JSON request."
			},
			"response": []
		},
		{
			"name": "http://localhost:8000/product/",
			"protocolProfileBehavior": {
				"disableBodyPruning": true
			},
			"request": {
				"method": "GET",
				"header": [
					{
						"warning": "This is a duplicate header and will be overridden by the Content-Type header generated by Postman.",
						"key": "Content-Type",
						"value": "application/json",
						"type": "text"
					}
				],
				"body": {
					"mode": "raw",
					"raw": ""
				},
				"url": {
					"raw": "http://localhost:8000/product/",
					"protocol": "http",
					"host": [
						"localhost"
					],
					"port": "8000",
					"path": [
						"product",
						""
					]
				},
				"description": "API returns all products as a JSON"
			},
			"response": []
		},
		{
			"name": "http://localhost:8000/order/",
			"request": {
				"method": "POST",
				"header": [
					{
						"key": "Authorization",
						"value": "Token 38eff28f72940241a43477cba1fcdc43f53d1946",
						"type": "text"
					},
					{
						"warning": "This is a duplicate header and will be overridden by the Content-Type header generated by Postman.",
						"key": "Content-Type",
						"value": "application/json",
						"type": "text"
					}
				],
				"body": {
					"mode": "raw",
					"raw": "{\r\n   \"user\":\"Eshan\",\r\n   \"order_lines\":[\r\n      {\r\n         \"name\":\"Purchase of Air bags\",\r\n         \"product_id\":1,\r\n         \"quantity\":1\r\n      },\r\n      {\r\n         \"name\":\"Purchase of Air bags\",\r\n         \"product_id\":3,\r\n         \"quantity\":6\r\n      }\r\n\r\n   ]\r\n}"
				},
				"url": {
					"raw": "http://localhost:8000/order/",
					"protocol": "http",
					"host": [
						"localhost"
					],
					"port": "8000",
					"path": [
						"order",
						""
					]
				},
				"description": "API is used to create orders using a JSON"
			},
			"response": []
		},
		{
			"name": "http://localhost:8000/order/",
			"protocolProfileBehavior": {
				"disableBodyPruning": true
			},
			"request": {
				"method": "GET",
				"header": [
					{
						"key": "Authorization",
						"value": "Token 38eff28f72940241a43477cba1fcdc43f53d1946",
						"type": "text"
					},
					{
						"warning": "This is a duplicate header and will be overridden by the Content-Type header generated by Postman.",
						"key": "Content-Type",
						"value": "application/json",
						"type": "text"
					}
				],
				"body": {
					"mode": "raw",
					"raw": ""
				},
				"url": {
					"raw": "http://localhost:8000/order/",
					"protocol": "http",
					"host": [
						"localhost"
					],
					"port": "8000",
					"path": [
						"order",
						""
					]
				},
				"description": "API returns all orders as a JSON"
			},
			"response": []
		},
		{
			"name": "http://localhost:8000/order/1/add_to_cart/",
			"request": {
				"method": "POST",
				"header": [
					{
						"key": "Authorization",
						"value": "Token 38eff28f72940241a43477cba1fcdc43f53d1946",
						"type": "text"
					},
					{
						"warning": "This is a duplicate header and will be overridden by the Content-Type header generated by Postman.",
						"key": "Content-Type",
						"value": "application/json",
						"type": "text"
					}
				],
				"body": {
					"mode": "raw",
					"raw": "{\r\n   \"id\":\"1\",\r\n   \"order_lines\":[\r\n      {\r\n         \"name\":\"Purchase of Vipers\",\r\n         \"product_id\":4,\r\n         \"quantity\":10\r\n      }\r\n   ]\r\n}"
				},
				"url": {
					"raw": "http://localhost:8000/order/1/add_to_cart/",
					"protocol": "http",
					"host": [
						"localhost"
					],
					"port": "8000",
					"path": [
						"order",
						"1",
						"add_to_cart",
						""
					]
				},
				"description": "API that is used to ADD orders to cart"
			},
			"response": []
		},
		{
			"name": "http://localhost:8000/order/1/remove_from_cart/",
			"request": {
				"method": "POST",
				"header": [
					{
						"key": "Authorization",
						"value": "Token 38eff28f72940241a43477cba1fcdc43f53d1946",
						"type": "text"
					},
					{
						"warning": "This is a duplicate header and will be overridden by the Content-Type header generated by Postman.",
						"key": "Content-Type",
						"value": "application/json",
						"type": "text"
					}
				],
				"body": {
					"mode": "raw",
					"raw": "{\r\n   \"id\":\"1\",\r\n   \"item_ids\":[1]\r\n}"
				},
				"url": {
					"raw": "http://localhost:8000/order/1/remove_from_cart/",
					"protocol": "http",
					"host": [
						"localhost"
					],
					"port": "8000",
					"path": [
						"order",
						"1",
						"remove_from_cart",
						""
					]
				},
				"description": "API that is used to REMOVE orders from cart"
			},
			"response": []
		},
		{
			"name": "http://localhost:8000/order/1/confirm_order/",
			"request": {
				"method": "POST",
				"header": [
					{
						"key": "Authorization",
						"value": "Token 38eff28f72940241a43477cba1fcdc43f53d1946",
						"type": "text"
					},
					{
						"warning": "This is a duplicate header and will be overridden by the Content-Type header generated by Postman.",
						"key": "Content-Type",
						"value": "application/json",
						"type": "text"
					}
				],
				"body": {
					"mode": "raw",
					"raw": "{\r\n   \"delivery_date\": \"2023-11-08\"\r\n}"
				},
				"url": {
					"raw": "http://localhost:8000/order/1/confirm_order/",
					"protocol": "http",
					"host": [
						"localhost"
					],
					"port": "8000",
					"path": [
						"order",
						"1",
						"confirm_order",
						""
					]
				},
				"description": "API that is used to CONFIRM orders to cart"
			},
			"response": []
		}
	]
}